{"cameraMode":{"drawMode":0,"name":"Shaded","section":"Shading Mode"},"sceneLighting":true,"audioPlay":false,"sceneViewState":{"m_AlwaysRefresh":false,"showFog":true,"showSkybox":true,"showFlares":true,"showImageEffects":true,"showParticleSystems":true,"showVisualEffectGraphs":true,"m_FxEnabled":true},"in2DMode":false,"pivot":{"x":647.9326782226563,"y":447.28216552734377,"z":21.0157470703125},"rotation":{"x":0.07820674777030945,"y":-0.025109773501753808,"z":0.001966979820281267,"w":0.996631920337677},"size":685.8942260742188,"orthographic":false}