{"cameraMode":{"drawMode":0,"name":"Shaded","section":"Shading Mode"},"sceneLighting":true,"audioPlay":false,"sceneViewState":{"m_AlwaysRefresh":false,"showFog":true,"showSkybox":true,"showFlares":true,"showImageEffects":true,"showParticleSystems":true,"showVisualEffectGraphs":true,"m_FxEnabled":true},"in2DMode":false,"pivot":{"x":208.24960327148438,"y":-26.48125457763672,"z":306.54437255859377},"rotation":{"x":0.4107191860675812,"y":-0.01720697060227394,"z":0.007753335405141115,"w":0.9116034507751465},"size":169.8213348388672,"orthographic":false}