{"cameraMode":{"drawMode":0,"name":"Shaded","section":"Shading Mode"},"sceneLighting":true,"audioPlay":false,"sceneViewState":{"m_AlwaysRefresh":false,"showFog":true,"showSkybox":true,"showFlares":true,"showImageEffects":true,"showParticleSystems":true,"showVisualEffectGraphs":true,"m_FxEnabled":true},"in2DMode":false,"pivot":{"x":647.5587768554688,"y":388.42376708984377,"z":-130.43328857421876},"rotation":{"x":-0.00016443921776954085,"y":0.9997644424438477,"z":-0.007808543276041746,"w":-0.020697101950645448},"size":494.5811767578125,"orthographic":false}